Variable,Mean_Coef,Min_Coef,Max_Coef,SD_Coef
Intercept,-65.82217354230076,-129.35334825553116,16.732751279542914,29.572396536752112
HIV_Prev_Total_pct,7.341774276222088,5.340995381222131,10.153785473705321,0.6852908142080538
Poverty_Intensity_pct,1.3944797811869993,-0.41089758201956633,2.7901093389342537,0.6609454554598623
Uninsurance_Rate_pct,0.1570512837472434,0.09698316036425521,0.2507487960610576,0.03853049068715806
Doctors_per10k,-0.47852132131568687,-2.1060922115347562,1.016746464081253,0.4183014257357415
