Model,Spatial_CV_AUC_mean,Spatial_CV_AUC_SD,N_folds
Random Forest,0.776849219680102,0.26030182311426714,12
XGBoost,0.7647873436476377,0.2535218422818234,12
LightGBM,0.8134293538705304,0.26218100362538993,12
Logistic Regression,0.8157510653834184,0.17701525905935864,12
Stacked Ensemble,,,0
