{
 "Random Forest": {
 "true": [
 0,
 0,
 0,
 1,
 1,
 0,
 0,
 1,
 0,
 1,
 0,
 0,
 1,
 1,
 0,
 0,
 0,
 0,
 0,
 0,
 0,
 0,
 0,
 1,
 1,
 0,
 0,
 0,
 0,
 0,
 0,
 0,
 0,
 0,
 0,
 0,
 0,
 0,
 0,
 0,
 0,
 1,
 0,
 0,
 0,
 1,
 0,
 0,
 0,
 0,
 0,
 0,
 0,
 0,
 0,
 1,
 0,
 0,
 0,
 0,
 0,
 0,
 0,
 0,
 0
 ],
 "pred": [
 0,
 0,
 0,
 1,
 1,
 0,
 0,
 0,
 0,
 0,
 0,
 0,
 1,
 0,
 0,
 0,
 0,
 0,
 0,
 0,
 0,
 0,
 0,
 0,
 0,
 0,
 0,
 0,
 0,
 0,
 0,
 0,
 0,
 0,
 0,
 0,
 0,
 0,
 0,
 0,
 0,
 1,
 0,
 0,
 0,
 1,
 1,
 0,
 0,
 0,
 0,
 0,
 0,
 0,
 0,
 1,
 0,
 0,
 0,
 0,
 0,
 0,
 0,
 0,
 0
 ],
 "prob": [
 0.1373047619047619,
 0.002985714285714285,
 0.1534571428571428,
 0.6640182539682542,
 0.9406212121212122,
 0.0009333333333333333,
 0.0604095238095238,
 0.45116111111111135,
 0.0024000000000000002,
 0.4540523809523811,
 0.10759047619047618,
 0.045442857142857146,
 0.6729476190476192,
 0.11009047619047622,
 0.4224388888888889,
 0.051571428571428546,
 0.0,
 0.10200555555555556,
 0.05552698412698412,
 0.05063809523809523,
 0.002333333333333333,
 0.002985714285714285,
 0.0,
 0.20602222222222225,
 0.2175473886328725,
 0.0009333333333333333,
 0.045442857142857146,
 0.03958095238095238,
 0.08110714285714288,
 0.11405873015873012,
 0.03588095238095238,
 0.175168253968254,
 0.15268571428571426,
 0.07704978354978355,
 0.002333333333333333,
 0.17756349206349206,
 0.025754761904761905,
 0.0009333333333333333,
 0.05063809523809523,
 0.3326396825396827,
 0.05262380952380951,
 0.5907158730158734,
 0.0,
 0.0,
 0.0,
 0.85865,
 0.5875015873015874,
 0.21753571428571425,
 0.045442857142857146,
 0.0,
 0.002333333333333333,
 0.0,
 0.010690476190476191,
 0.037733333333333334,
 0.09303333333333333,
 0.8133809523809525,
 0.0101,
 0.0009333333333333333,
 0.21148968253968245,
 0.0,
 0.0604095238095238,
 0.2583007936507936,
 0.0009333333333333333,
 0.05063809523809523,
 0.40664999999999996
 ]
 },
 "XGBoost": {
 "true": [
 0,
 0,
 0,
 1,
 1,
 0,
 0,
 1,
 0,
 1,
 0,
 0,
 1,
 1,
 0,
 0,
 0,
 0,
 0,
 0,
 0,
 0,
 0,
 1,
 1,
 0,
 0,
 0,
 0,
 0,
 0,
 0,
 0,
 0,
 0,
 0,
 0,
 0,
 0,
 0,
 0,
 1,
 0,
 0,
 0,
 1,
 0,
 0,
 0,
 0,
 0,
 0,
 0,
 0,
 0,
 1,
 0,
 0,
 0,
 0,
 0,
 0,
 0,
 0,
 0
 ],
 "pred": [
 0,
 0,
 0,
 1,
 1,
 0,
 0,
 1,
 0,
 1,
 0,
 0,
 1,
 0,
 1,
 0,
 0,
 0,
 0,
 0,
 0,
 0,
 0,
 0,
 0,
 0,
 0,
 0,
 0,
 0,
 0,
 0,
 0,
 0,
 0,
 0,
 0,
 0,
 0,
 0,
 0,
 1,
 0,
 0,
 0,
 1,
 0,
 0,
 0,
 0,
 0,
 0,
 0,
 0,
 0,
 1,
 0,
 0,
 0,
 0,
 0,
 0,
 0,
 0,
 1
 ],
 "prob": [
 0.0060143303126096725,
 0.006907939445227385,
 0.28482598066329956,
 0.8228554129600525,
 0.9994550347328186,
 0.01862116903066635,
 0.009108506143093109,
 0.8794578909873962,
 0.0008036913932301104,
 0.8291034698486328,
 0.046335045248270035,
 0.003992689773440361,
 0.7053022384643555,
 0.005870885215699673,
 0.791469156742096,
 0.00035601036506704986,
 0.000586755049880594,
 0.020896725356578827,
 0.0013083870289847255,
 0.024685712531208992,
 0.005316588561981916,
 0.006907939445227385,
 0.000586755049880594,
 0.02293238416314125,
 0.11288238316774368,
 0.01862116903066635,
 0.003992689773440361,
 0.004025004338473082,
 0.0025635785423219204,
 0.0045509845949709415,
 0.001775661134161055,
 0.01130397617816925,
 0.002905107568949461,
 0.0010913911974057555,
 0.005316588561981916,
 0.031945765018463135,
 0.0007912589353509247,
 0.01862116903066635,
 0.024685712531208992,
 0.12563207745552063,
 0.004484879318624735,
 0.7588480114936829,
 0.0019858935847878456,
 0.000586755049880594,
 0.0010524592362344265,
 0.9622160196304321,
 0.427407443523407,
 0.027100861072540283,
 0.003992689773440361,
 0.000586755049880594,
 0.005316588561981916,
 0.0010524592362344265,
 0.0009152046986855567,
 0.0018774681957438588,
 0.0017420647200196981,
 0.9829074740409851,
 0.0006694072508253157,
 0.01862116903066635,
 0.0071858507581055164,
 0.0010524592362344265,
 0.009108506143093109,
 0.0422775074839592,
 0.01862116903066635,
 0.024685712531208992,
 0.9566101431846619
 ]
 },
 "LightGBM": {
 "true": [
 0,
 0,
 0,
 1,
 1,
 0,
 0,
 1,
 0,
 1,
 0,
 0,
 1,
 1,
 0,
 0,
 0,
 0,
 0,
 0,
 0,
 0,
 0,
 1,
 1,
 0,
 0,
 0,
 0,
 0,
 0,
 0,
 0,
 0,
 0,
 0,
 0,
 0,
 0,
 0,
 0,
 1,
 0,
 0,
 0,
 1,
 0,
 0,
 0,
 0,
 0,
 0,
 0,
 0,
 0,
 1,
 0,
 0,
 0,
 0,
 0,
 0,
 0,
 0,
 0
 ],
 "pred": [
 0,
 0,
 0,
 1,
 1,
 0,
 0,
 1,
 0,
 1,
 0,
 0,
 0,
 0,
 1,
 0,
 0,
 0,
 0,
 0,
 0,
 0,
 0,
 0,
 0,
 0,
 0,
 0,
 0,
 0,
 0,
 0,
 0,
 0,
 0,
 0,
 0,
 0,
 0,
 0,
 0,
 1,
 0,
 0,
 0,
 1,
 0,
 0,
 0,
 0,
 0,
 0,
 0,
 0,
 0,
 1,
 0,
 0,
 0,
 0,
 0,
 0,
 0,
 0,
 1
 ],
 "prob": [
 2.521681372212417e-05,
 2.9766233903053464e-06,
 0.00040138542329982405,
 0.997482795751259,
 0.9999968979178655,
 6.773438612310913e-05,
 7.23837517553252e-06,
 0.6644612114470528,
 2.632825928694213e-06,
 0.9069871602516167,
 0.004471032048311873,
 1.9916070367580747e-05,
 0.2581064173963379,
 0.00011734391552724235,
 0.8105821264653197,
 2.467744385957641e-08,
 5.0500874370814775e-08,
 0.00010081719672018157,
 3.3260136446392867e-08,
 0.00011477337501971986,
 2.8975051356030173e-05,
 2.9766233903053464e-06,
 5.0500874370814775e-08,
 0.00018719757732002163,
 0.00017746895177001045,
 6.773438612310913e-05,
 1.9916070367580747e-05,
 2.7084434834693623e-05,
 2.3045546697057602e-07,
 4.48749717927698e-06,
 6.607191738836526e-07,
 1.747351490389585e-05,
 1.5116334134968473e-06,
 1.4505152080933617e-06,
 2.8975051356030173e-05,
 0.00023252147188857766,
 3.954588756881947e-07,
 6.773438612310913e-05,
 0.00011477337501971986,
 0.0017021447780497217,
 6.276349336559437e-05,
 0.9268471859850621,
 2.2088856529698516e-06,
 5.0500874370814775e-08,
 1.0194803437422587e-06,
 0.9993210408687377,
 0.015215951186583244,
 0.0002016714800688273,
 1.9916070367580747e-05,
 5.0500874370814775e-08,
 2.8975051356030173e-05,
 1.0194803437422587e-06,
 2.196520605513182e-07,
 2.4857722770672626e-06,
 7.542524828560856e-07,
 0.9990101644123509,
 2.256964097637491e-07,
 6.773438612310913e-05,
 2.3072032883464095e-05,
 1.0194803437422587e-06,
 7.23837517553252e-06,
 0.0001283832947525191,
 6.773438612310913e-05,
 0.00011477337501971986,
 0.9992767197155512
 ]
 },
 "Logistic Regression": {
 "true": [
 0,
 0,
 0,
 1,
 1,
 0,
 0,
 1,
 0,
 1,
 0,
 0,
 1,
 1,
 0,
 0,
 0,
 0,
 0,
 0,
 0,
 0,
 0,
 1,
 1,
 0,
 0,
 0,
 0,
 0,
 0,
 0,
 0,
 0,
 0,
 0,
 0,
 0,
 0,
 0,
 0,
 1,
 0,
 0,
 0,
 1,
 0,
 0,
 0,
 0,
 0,
 0,
 0,
 0,
 0,
 1,
 0,
 0,
 0,
 0,
 0,
 0,
 0,
 0,
 0
 ],
 "pred": [
 0,
 0,
 0,
 1,
 1,
 1,
 0,
 1,
 0,
 1,
 0,
 0,
 0,
 0,
 1,
 0,
 0,
 0,
 0,
 1,
 0,
 0,
 0,
 0,
 0,
 1,
 0,
 0,
 0,
 0,
 0,
 0,
 0,
 0,
 0,
 0,
 0,
 1,
 1,
 0,
 0,
 1,
 0,
 0,
 0,
 1,
 0,
 0,
 0,
 0,
 0,
 0,
 0,
 0,
 0,
 1,
 0,
 1,
 0,
 0,
 0,
 0,
 1,
 1,
 0
 ],